﻿,დასახელება,ფასი,დღგ,რაოდენობა
,შოთის პური,1.2,დღგ-ჩათვლით,100
,თეთრი პური,1.43,დღგ-ჩათვლით,100
,სერი პური,1.33,დღგ-ჩათვლით,100
,სომხური ლავაშ 3ც,1.8,დღგ-ჩათვლით,100
,კეტჩუპი ჰაინცი 1კგ,6.5,დღგ-ჩათვლით,100
,კეტჩუპი ჰაინცი 460გრ,3.3,დღგ-ჩათვლით,100
,ზეთი ეფკო ფუდი 5ლ,25,დღგ-ჩათვლით,100
,მარგარინი ლუნა 400გრ ,3,დღგ-ჩათვლით,100
,კიტრის მარინადი 360გრ ,3.5,დღგ-ჩათვლით,100
,ტომატი 750გრ,4.6,დღგ-ჩათვლით,100
,კაკაო 80გრ,3.8,დღგ-ჩათვლით,100
,ვანილი 5გრ,0.13,დღგ-ჩათვლით,100
,არახისი 185გრ,2.92,დღგ-ჩათვლით,100
,მაიონეზი 10ლ სლობოდა,61,დღგ-ჩათვლით,100
,მაიონეზი სამარხვო 830გრ,8.5,დღგ-ჩათვლით,100
,ფილე 1კგ,6,დღგ-ჩათვლით,100
,ქათამი 1კგ,7.6,დღგ-ჩათვლით,100
,საქონლის ხორცი,29,დღგ-გარეშე,100
,ღორის ხორცი,23,დღგ-გარეშე,100
,ღორის გულ ღვიძლი,8,დღგ-გარეშე,100
,კალმახი,21,დღგ-გარეშე,100
,ყველი იმერული,17,დღგ-გარეშე,100
,სულგუნი ,24,დღგ-გარეშე,100
,სულგუნი შებოლილი,27,დღგ-გარეშე,100
,ყველი იმერული,17,დღგ-გარეშე,100
,სულგუნი ,24,დღგ-გარეშე,100
,სულგუნი შებოლილი,27,დღგ-გარეშე,100
,მდოგვი 50გრ,0.6,დღგ-ჩათვლით,100
,აჯიკა 50გრ,0.7,დღგ-ჩათვლით,100
,შაშხი,22,დღგ-ჩათვლით,100
,სერვილადი,19.6,დღგ-ჩათვლით,100
,სალიამი 600გრ,14.9,დღგ-ჩათვლით,100
,მოცარელა გახეხილი 2კგ,48,დღგ-ჩათვლით,100
,პარმეზანი ზანეტი,45,დღგ-ჩათვლით,100
,"რძე ლაჩიატე 3,5% 1ლ",4,დღგ-ჩათვლით,100
,კარაქი პრეზიდენტი 1კგ,36.89,დღგ-ჩათვლით,100
,კარაქი პრეზიდენტი 10გრ,45.1,დღგ-ჩათვლით,100
,ყველი ლებლუ ლურჯი ობით 100გრ,6.02,დღგ-ჩათვლით,100
,ყველი იჩმი ბერძნული 500გრ,10.12,დღგ-ჩათვლით,100
,პარმეზანიგრანგუსტო,49.35,დღგ-ჩათვლით,100
,არაჟანი 2კგ,12.91,დღგ-ჩათვლით,100
,ხაჭო 180გრ,3.49,დღგ-ჩათვლით,100
,"რძე პარმალატი 3,5%",4.37,დღგ-ჩათვლით,100
,"პრეზიდენტის ნაღები 35,1% 1ლ",17.83,დღგ-ჩათვლით,100
,კვერცხი,0.51,დღგ-ჩათვლით,100
,ზეთის ხილი შავი უკურკო 170გრ,4.5,დღგ-ჩათვლით,100
,ზეთის ხილი მწვანე კურკიანი 170გრ,4.5,დღგ-ჩათვლით,100
,სოკო ქამა დაჭრილი 460გრ,4.2,დღგ-ჩათვლით,100
,სიმინდი 230გრ,2.3,დღგ-ჩათვლით,100
,ბარდა მწვანე 450გრ,3.99,დღგ-ჩათვლით,100
,ბრინჯი 800გრ დაორთქლილი ,3.22,დღგ-ჩათვლით,100
,კეტჩუპი 3 ჟელანია 450გრ ცხარე,2.59,დღგ-ჩათვლით,100
,"ძმარი ბალზამირებული 0,5ლ",7,დღგ-ჩათვლით,100
,ტყემალი მწვანე 500მლ,6.3,დღგ-ჩათვლით,100
,ძმარი ვაშლის 1ლ,5.6,დღგ-ჩათვლით,100
,მდოგვი დიჟონის 270გრ,7.7,დღგ-ჩათვლით,100
,"ლიმნის სოუსი 0,5ლ",4.5,დღგ-ჩათვლით,100
,სოდა 500გრ,1.5,დღგ-ჩათვლით,100
,საფუარი 500გრ,7,დღგ-ჩათვლით,100
,ფქვილი 50კგ,85,დღგ-ჩათვლით,100
,შაქარი 50კგ,105,დღგ-ჩათვლით,100
,მაკარონი ბარილა 450გრ #73,3.5,დღგ-ჩათვლით,100
,ბულიონი გალინა ბლანკა 48ც 1ც-0.2ლ,9.5,დღგ-ჩათვლით,100
,სპაგეტი ბარილა 450გრ #13,3.5,დღგ-ჩათვლით,100
,კაკაოს ჩხირები აკინაკი ნაყინისთვის,11,დღგ-ჩათვლით,100
,"შოკოლადის ფილა შავი 2,5კგ",50,დღგ-ჩათვლით,100
,ცომის გამაფხვიერებელი ვიტამინი 2კგ,35,დღგ-ჩათვლით,100
,თევზის კონსერვი ტუნა 185გრ,8.65,დღგ-ჩათვლით,100
,ნესტლეს შოკოლადის ფილა 82გრ,2დან-4მდე,დღგ-ჩათვლით,100
,პესტოს სოუსი 190გრ,8.57,დღგ-ჩათვლით,100
,ზეითუნის ზეთი ბასო 5ლ,159.8,დღგ-ჩათვლით,100
,ნაყინი ვანილის ნიკორა 1კგ,12.25,დღგ-ჩათვლით,100
,ნაყინი შოკოლადის ნიკორა 1კგ,12.25,დღგ-ჩათვლით,100
,"ნაყინი ვანილის თოლია 2,5კგ",25,დღგ-ჩათვლით,100
,სოიოს სოუსი 270მლ,3.8,დღგ-ჩათვლით,100
,სოიოს სოუსი 2ლ,18.9,დღგ-ჩათვლით,100
,უსტამი 500გრ,3.3,დღგ-ჩათვლით,100
,თაფლი ,25-30,დღგ-გარეშე,100
,კიტრი ,7.5,დღგ-გარეშე,100
,პომიდორი,6,დღგ-გარეშე,100
,კომბოსტო,5,დღგ-გარეშე,100
,ჭარხალი,2,დღგ-გარეშე,100
,სტაფილო,1.8,დღგ-გარეშე,100
,ბულგარული მწვანე,3,დღგ-გარეშე,100
,ბულგარული წითელი,3,დღგ-გარეშე,100
,ბადრიჯანი,5.5,დღგ-გარეშე,100
,პომიდორი ჩერი,7,დღგ-გარეშე,100
,ნიორი,7,დღგ-გარეშე,100
,ხახვი,1,დღგ-გარეშე,100
,სოკო ქამა,13,დღგ-გარეშე,100
,კარტოფილი,1.1,დღგ-გარეშე,100
,მწვანე ვაშლი,3.5,დღგ-გარეშე,100
,ლიმონი,3,დღგ-გარეშე,100
,ანანასი   1ც,14,დღგ-გარეშე,100
,ბანანი,4.5,დღგ-გარეშე,100
,კივი,6.2,დღგ-გარეშე,100
,ფორთოხალი,3.8,დღგ-გარეშე,100
,ყურძენი,5,დღგ-გარეშე,100
,ბროწეული,6.5,დღგ-გარეშე,100
,მანდარინი,4.5,დღგ-გარეშე,100
,სიმინდის ფქვილი,4,დღგ-გარეშე,100
,ლობიო წითელი მინდვრის,5.8,დღგ-გარეშე,100
,ლობიო ცანავა თეთრი ,6,დღგ-გარეშე,100
,წიწაკა მწვანე მწარე,7,დღგ-გარეშე,100
,სალათის ფოთოლი აისბერგი,8,დღგ-გარეშე,100
,ქინძი,10,დღგ-გარეშე,100
,ოხრახუში,10,დღგ-გარეშე,100
,კამა,10,დღგ-გარეშე,100
,ხახვი მწვანე ,10,დღგ-გარეშე,100
,ტარხუნა,17-40,დღგ-გარეშე,100
,რეჰანი,10,დღგ-გარეშე,100
,ნიახური,5,დღგ-გარეშე,100
,ისპანახი,3,დღგ-გარეშე,100
,ხმელი პიტნა,30,დღგ-გარეშე,100
,დაფნის ფოთოლი   1 კონა,2,დღგ-გარეშე,100
,კამა დაფქვილი,20,დღგ-გარეშე,100
,დაღერღილი წიწაკა,15,დღგ-გარეშე,100
,დარიჩინი დაფქვილი ,25,დღგ-გარეშე,100
,ჯონჯოლის მწნილი,15,დღგ-გარეშე,100
,წიწაკის მწნილი,12,დღგ-გარეშე,100
,სუმახი,17,დღგ-გარეშე,100
,ძირა ,15,დღგ-გარეშე,100
,ხარჩოს სუნელი,7,დღგ-გარეშე,100
,უცხო სუნელი,6,დღგ-გარეშე,100
,ხმელი ქინძი,6,დღგ-გარეშე,100
,პაპრიკა,15,დღგ-გარეშე,100
,ორეგანო,20,დღგ-გარეშე,100
,ყვითელი ყვავილი,20,დღგ-გარეშე,100
,შავი პილპილი,30,დღგ-გარეშე,100
,წიწაკა დაფქვილი,15,დღგ-გარეშე,100
,ქონდარი,20,დღგ-გარეშე,100
,ვაზის ფოთოლი,12.5,დღგ-გარეშე,100
,ყავა მარცვლის 1კგ,91,დღგ-ჩათვლით,100
,ყავა თურქულად დაფქვილი 1კგ,83,დღგ-ჩათვლით,100
,ცხელი შოკოლადი 1კგ,76,დღგ-ჩათვლით,100
,ჩაი ასამი 25ც,16,დღგ-ჩათვლით,100
,ჩაი ხილის 25ც,16,დღგ-ჩათვლით,100
,ჩაი ერლგრეი 25ც,16,დღგ-ჩათვლით,100
,ჩაი ინგლისური საუზმე 25ც,16,დღგ-ჩათვლით,100
,ჩაი პიტნის 25ც,16,დღგ-ჩათვლით,100
,ჩაი მწვანე კლასიკური 25ც,16,დღგ-ჩათვლით,100
,ჩაი მწვანე ჟასმინის 25ც,16,დღგ-ჩათვლით,100
,ჩაი ორმაგი ასამი 20ც,36,დღგ-ჩათვლით,100
,ჩაი ორმაგი ხილის 20ც,36,დღგ-ჩათვლით,100
,ყავა ხსნადი 400გრ ჯაკობსი,46.7,დღგ-ჩათვლით,100
,"კოკა-კოლა 0,33ლ შუშა",1.54,დღგ-ჩათვლით,100
,"კოკა-კოლა უშაქრო 0,33ლ შუშა",1.54,დღგ-ჩათვლით,100
,"ფანატ 0,33ლ შუშა",1.54,დღგ-ჩათვლით,100
,"სპრაიტი 0,5ლ პეტი",1.42,დღგ-ჩათვლით,100
,"შვეფსი ტონიკი 0,33ლ ქილა",1.83,დღგ-ჩათვლით,100
,"ბორჯომი 0,5ლ შუშა",1.37,დღგ-ჩათვლით,100
,"წყალი ბაკურიანი 0,5ლ შუშა",1.15,დღგ-ჩათვლით,100
,"ლუდი არგო ლაგერი 0,5ლ შუშა",3.15,დღგ-ჩათვლით,100
,"ლუდი ჰეინეკენი 0,33ლ",4.5,დღგ-ჩათვლით,100
,"ლუდი ზედაზენი შუშა 0,5ლ",3.4,დღგ-ჩათვლით,100
,"ლიმონათი ზედაზენი მსხალი 0,5ლ შუშა",2,დღგ-ჩათვლით,100
,"ტარხუნა 0,5ლ შუშა",2,დღგ-ჩათვლით,100
,"ნაღები 0,5ლ შუშა",2,დღგ-ჩათვლით,100
,"ლიმონი 0,5ლ შუაშა",2,დღგ-ჩათვლით,100
,სანდორა ატმის 950მლ,,დღგ-ჩათვლით,100
,სანდორა ალუბლის 950მლ,5.34,დღგ-ჩათვლით,100
,სანდორა ვაშლის 950მლ,5.34,დღგ-ჩათვლით,100
,სანდორა მულტიხილი 950მლ,5.34,დღგ-ჩათვლით,100
,სანდროა მანგო 950მლ,5.34,დღგ-ჩათვლით,100
,სანდორა ბროწეული 950მლ,5.34,დღგ-ჩათვლით,100
,სანდორა ფორთოხალი 950მლ,6.59,დღგ-ჩათვლით,100
,სანდორა ანანასი 950მლ,6.59,დღგ-ჩათვლით,100
,"სარაჯიშვილი xo 0,7",189,დღგ-ჩათვლით,100
,"სარაჯიშვილიvsop 0,7",86,დღგ-ჩათვლით,100
,ნემიროვი ხორბლის 1ლ,32,დღგ-ჩათვლით,100
,"ნემიროვი ხორბლის 0,5ლ",17.5,დღგ-ჩათვლით,100
,"ლუდი კორონა 0,33ლ",6,დღგ-ჩათვლით,100
,თ.ვ თელური ევროპული 750მლ,7.2,დღგ-ჩათვლით,100
,თელიანი ველი თელური საფერავი 750მლ,9.45,დღგ-ჩათვლით,100
,"თ.ვ  ჭაჭა მუხის კასრში დავარგებული 0,5ლ ",23.67,დღგ-ჩათვლით,100
,"თ.ვ ჭაჭა პლატინა თეთრი 0,5ლ",20.7,დღგ-ჩათვლით,100
,არჩილის საფერავი 750მლ,26,დღგ-ჩათვლით,100
,არჩილის რქაწითელი 750მლ,26,დღგ-ჩათვლით,100
,არაყი აბსოლუტი ბლუ  1 ლ,45.5,დღგ-ჩათვლით,100
,არაყი აბსოლუტი ბლუ 0.5ლ,24,დღგ-ჩათვლით,100
,არაყი ფინლანდია 1 ლ,43,დღგ-ჩათვლით,100
,არაყი ფინლანდია 0.5ლ,22.5,დღგ-ჩათვლით,100
,გრეი გუსი 1ლ,125,დღგ-ჩათვლით,100
,ვისკი ჯონი ვოლქერი რედ ლეიბლი 1ლ,58,დღგ-ჩათვლით,100
,ვისკი ჯონი ვოლქერი ბლექ ლეიბლი 1ლ,98,დღგ-ჩათვლით,100
,ვისკი გრანტსი 1ლ,61,დღგ-ჩათვლით,100
,ტულამორე დიუ 1ლ,77,დღგ-ჩათვლით,100
,ჯეკ დანიელსი 1ლ,72,დღგ-ჩათვლით,100
,ვისკი ჯონ ჯეიმსონი 1ლ,79,დღგ-ჩათვლით,100
,ვისკი ჩივას რეგალი 1ლ,89,დღგ-ჩათვლით,100
,"ტეკილა ესპოლონ ბლანკო  0,75ლ",95,დღგ-ჩათვლით,100
,ტეკილა ესპოლონ რეპოსადო 0.75ლ,101,დღგ-ჩათვლით,100
,ტეკილა ოლმეკა ბლანკო 1ლ,79,დღგ-ჩათვლით,100
,კონიაკი ჰენესი ვი ეს ოუ პი 1ლ,230,დღგ-ჩათვლით,100
,კონიაკი ოტარდი ვსოპ 700მლ,80.2,დღგ-ჩათვლით,100
,რემი მარტინი ხო 0.7ლ,785,დღგ-ჩათვლით,100
,რომი ჰავანა ქლაბი 1ლ,73,დღგ-ჩათვლით,100
,რომი შტროჰი 80% 1ლ,108,დღგ-ჩათვლით,100
,რომი ბაკარდი 1ლ,67,დღგ-ჩათვლით,100
,მალიბუ 1ლ,65,დღგ-ჩათვლით,100
,რომი კაპიტან მორგანი 1 ლ,54,დღგ-ჩათვლით,100
,ვერმუტი მარტინი ბიანკო 1ლ,37.5,დღგ-ჩათვლით,100
,ვერმუტი მარტინი ექსტრა მშრალი 1ლ,37.5,დღგ-ჩათვლით,100
,ვერმუტი მარტინი როსო 1ლ,37.5,დღგ-ჩათვლით,100
,ლიქიორი იაგერმაისტერი 1ლტ,53,დღგ-ჩათვლით,100
,ლიქიორი გალიანო 0.7ლ,56.8,დღგ-ჩათვლით,100
,ლიქიორი გრან მარნიე როუჟ 1ლ,92.8,დღგ-ჩათვლით,100
,ლიქიორი კუანტრო 1ლ,68,დღგ-ჩათვლით,100
,ლიქიორი დრამბუიე 1ლ,79.2,დღგ-ჩათვლით,100
,ლიქიორი ბლუ კურასაო 0.7 ლ,36,დღგ-ჩათვლით,100
,ლიქიორი პასოა 1ლ,85.1,დღგ-ჩათვლით,100
,ლიქიორი საუთერნ კომფორტი 1ლ,62.3,დღგ-ჩათვლით,100
,ლიქიორი ტია მარია 1ლ,67.3,დღგ-ჩათვლით,100
,ლიქიორი კაჩა 1 ლ,68,დღგ-ჩათვლით,100
,ლიქიორი კუანტრო 1ლ,68,დღგ-ჩათვლით,100
,ლიქიორი ამარეტო დისარონო 1ლ,70,დღგ-ჩათვლით,100
,ლიქიორი ბეილისი 1ლ,66,დღგ-ჩათვლით,100
,ლიქიორი სამბუკა მოლინარი 1ლ,91,დღგ-ჩათვლით,100
,სიროფი მონინი კარამელი 0.7ლ,24,დღგ-ჩათვლით,100
,სიროფი მონინი ლაიმი 0.7ლ,24,დღგ-ჩათვლით,100
,სიროფი გრენადინის (ბროწეულის)  0.7 ლ,20,დღგ-ჩათვლით,100
,ვაილდ თარქი 0.7ლ,109,დღგ-ჩათვლით,100
,ლიქიორი კალუა 1 ლ,76,დღგ-ჩათვლით,100
,კამპარი ბითერი 1ლ,67,დღგ-ჩათვლით,100
,00742 ჯინი ბომბეი საფირი 1ლ,72,დღგ-ჩათვლით,100
,00788 ჯინი ბიფიტერი 1ლ,61,დღგ-ჩათვლით,100
,"01037 აბსენტი ქსენტა აბსენტა 0,7ლ",87.4,დღგ-ჩათვლით,100
,01028 შატო მუხრანი  ჭაჭა 0.7ლ,91.48,დღგ-ჩათვლით,100
,01249 შატო მუხრანი მუსკატი 700მლ,68.18,დღგ-ჩათვლით,100
,00192 ღვინო შატო მუხრანი შავკაპიტო 750მლ,47.28,დღგ-ჩათვლით,100
,00250 ღვინო შატო მუხრანი  როზე 0.75ლ,,დღგ-ჩათვლით,100
,01029 შატო მუხრანი შარდონე 750მლ,27.36,დღგ-ჩათვლით,100
,00951 შატო მუხრანი გორული მწვანე 750მლ,37.04,დღგ-ჩათვლით,100
,00952 შატო მუხრანი რქაწითელი 750მლ,27.44,დღგ-ჩათვლით,100
,00953 შატო მუხრანი შავი მტევანი  750მლ,,დღგ-ჩათვლით,100
,00954 შატო მუხრანი ხვანჭკარა 750მლ,55.39,დღგ-ჩათვლით,100
,01090 შატო მუხრანი საფერავი 750მლ,34.15,დღგ-ჩათვლით,100
,01225 შატო მუხრანი მუხრანბატონის რეზერვი გორული მწვანე 750მლ,75.92,დღგ-ჩათვლით,100
,01226 შატო მუხრანი მუხრანბატონის რეზერვი საფერავი 750მლ,90.33,დღგ-ჩათვლით,100
,,,,
,,,,
,,,,
,,,,
,,,,
,,,,
,,,,
,,,,
,00151 დიუარსი 0.75ლ,76.5,,
,,,,
,,,,
,,,,
,,,,
